date,tutor_name,student,subject
2025-12-11,Aarav Sharma,Henry G.,Maths
2025-12-19,Aarav Sharma,Aria I.,Maths
2025-12-25,Aarav Sharma,Sam O.,Maths
2026-01-01,Aarav Sharma,Ava P.,Maths
2026-01-08,Aarav Sharma,Nina Q.,Maths
2026-01-14,Aarav Sharma,Olivia R.,Maths
2026-01-16,Hannah Cohen,Ruby S.,Biology
2026-01-21,Aarav Sharma,Jack V.,Maths
2026-01-23,Hannah Cohen,Maya Z.,Biology
2026-01-29,Aarav Sharma,Zoe F.,Maths
2026-01-30,Hannah Cohen,Ruby S.,Biology
2026-02-05,Hannah Cohen,Eli J.,Biology
2026-02-05,Aarav Sharma,Ethan W.,Maths
2026-02-11,Aarav Sharma,Grace Y.,Maths
2026-02-12,Hannah Cohen,Isla B.,Biology
2026-02-19,Aarav Sharma,Jack V.,Maths
2026-02-19,Hannah Cohen,Zoe F.,Biology
2026-02-26,Aarav Sharma,Isla B.,Maths
2026-02-27,Hannah Cohen,Oscar L.,Biology
2026-03-05,Hannah Cohen,Ivy E.,Biology
2026-03-06,Aarav Sharma,Grace Y.,Maths
2026-03-06,Mei Tan,Jack V.,Maths
2026-03-10,Marcus Brown,Aria I.,Maths
2026-03-11,Aisha Rahman,Ruby S.,English
2026-03-12,Hannah Cohen,Sam O.,Biology
2026-03-12,Aarav Sharma,Maya Z.,Maths
2026-03-13,Mei Tan,Noah C.,Maths
2026-03-16,Sarah Leung,Olivia R.,Biology
2026-03-17,Daniel O'Connor,Aria I.,English
2026-03-18,Marcus Brown,Leo K.,Maths
2026-03-19,Aisha Rahman,Lucas H.,English
2026-03-20,Aarav Sharma,Sam O.,Maths
2026-03-20,Mei Tan,Max D.,Maths
2026-03-20,Hannah Cohen,Lucas H.,Biology
2026-03-23,Daniel O'Connor,Maya Z.,English
2026-03-24,Sarah Leung,Isla B.,Biology
2026-03-25,Marcus Brown,Olivia R.,Maths
2026-03-26,Aarav Sharma,Henry G.,Maths
2026-03-26,Aisha Rahman,Maya Z.,English
2026-03-26,Sarah Lee,Jack V.,Chemistry
2026-03-27,John Smith,Nina Q.,Physics
2026-03-27,Hannah Cohen,Jack V.,Biology
2026-03-27,Mei Tan,Zoe F.,Maths
2026-03-31,Sarah Leung,Ivy E.,Biology
2026-03-31,Daniel O'Connor,Mia T.,English
2026-04-01,Marcus Brown,Lily A.,Maths
2026-04-02,Jane Smith,Ruby S.,English
2026-04-02,Grace Park,Lily A.,Chemistry
2026-04-02,John Smith,Nina Q.,Physics
2026-04-02,Mei Tan,Max D.,Maths
2026-04-03,Sarah Lee,Chloe M.,Chemistry
2026-04-03,Hannah Cohen,Noah C.,Biology
2026-04-03,Aarav Sharma,Jack V.,Maths
2026-04-03,Aisha Rahman,Grace Y.,English
2026-04-07,Marcus Brown,Isla B.,Maths
2026-04-07,Sarah Leung,Zoe F.,Biology
2026-04-08,Grace Park,Lucas H.,Chemistry
2026-04-08,John Smith,Oscar L.,Physics
2026-04-08,Daniel O'Connor,Oscar L.,English
2026-04-08,Liam Murphy,Noah C.,Chemistry
2026-04-09,Sarah Lee,Henry G.,Chemistry
2026-04-10,Aarav Sharma,Leo K.,Maths
2026-04-10,Jane Smith,Eli J.,English
2026-04-10,Aisha Rahman,Ethan W.,English
2026-04-10,Sophie Nguyen,Lucas H.,Biology
2026-04-10,Mei Tan,Nina Q.,Maths
2026-04-14,Grace Park,Chloe M.,Chemistry
2026-04-15,Sarah Leung,Eli J.,Biology
2026-04-15,Kevin Tran,Chloe M.,Maths
2026-04-15,Marcus Brown,Nina Q.,Maths
2026-04-15,Daniel O'Connor,Ava P.,English
2026-04-16,Tom Wilson,Eli J.,Physics
2026-04-16,Mei Tan,Leo K.,Maths
2026-04-16,Liam Murphy,Charlie N.,Chemistry
2026-04-16,John Smith,Henry G.,Physics
2026-04-16,Sarah Lee,Lily A.,Chemistry
2026-04-17,Aisha Rahman,Mia T.,English
2026-04-17,Jane Smith,Ava P.,English
2026-04-20,Sophie Nguyen,Nina Q.,Biology
2026-04-21,Daniel O'Connor,Zoe F.,English
2026-04-21,Grace Park,Henry G.,Chemistry
2026-04-22,Kevin Tran,Leo K.,Maths
2026-04-22,John Smith,Felix U.,Physics
2026-04-22,Priya Nair,Olivia R.,Physics
2026-04-23,Marcus Brown,Mia T.,Maths
2026-04-23,Tom Wilson,Lily A.,Physics
2026-04-24,Liam Murphy,Lily A.,Chemistry
2026-04-24,Jane Smith,Lily A.,English
2026-04-24,Mei Tan,Eli J.,Maths
2026-04-24,Sarah Lee,Ava P.,Chemistry
2026-04-28,Sophie Nguyen,Charlie N.,Biology
2026-04-28,Priya Nair,Max D.,Physics
2026-04-29,Daniel O'Connor,Ruby S.,English
2026-04-29,Grace Park,Henry G.,Chemistry
2026-04-30,Kevin Tran,Ruby S.,Maths
2026-04-30,Tom Wilson,Jack V.,Physics
2026-05-01,Sarah Lee,Olivia R.,Chemistry
2026-05-01,Marcus Brown,Sam O.,Maths
2026-05-01,Jane Smith,Oscar L.,English
2026-05-01,Liam Murphy,Lily A.,Chemistry
2026-05-05,Sophie Nguyen,Grace Y.,Biology
2026-05-05,Daniel O'Connor,Noah C.,English
2026-05-06,Grace Park,Sam O.,Chemistry
2026-05-07,Sarah Lee,Mia T.,Chemistry
2026-05-07,Jane Smith,Ava P.,English
2026-05-08,Marcus Brown,Sam O.,Maths
2026-05-08,Tom Wilson,Nina Q.,Physics
2026-05-08,Liam Murphy,Isla B.,Chemistry
2026-05-11,Sophie Nguyen,Ivy E.,Biology
2026-05-13,Sarah Lee,Chloe M.,Chemistry
2026-05-13,Daniel O'Connor,Noah C.,English
2026-05-13,Jane Smith,Eli J.,English
2026-05-14,Grace Park,Eli J.,Chemistry
2026-05-15,Marcus Brown,Ivy E.,Maths
2026-05-15,Liam Murphy,Oscar L.,Chemistry
2026-05-18,Tom Wilson,Max D.,Physics
2026-05-19,Daniel O'Connor,Eli J.,English
2026-05-19,Sophie Nguyen,Noah C.,Biology
2026-05-20,Sarah Lee,Grace Y.,Chemistry
2026-05-21,Grace Park,Felix U.,Chemistry
2026-05-21,Jane Smith,Maya Z.,English
2026-05-22,Liam Murphy,Olivia R.,Chemistry
2026-05-22,Marcus Brown,Leo K.,Maths
2026-05-23,J. Smith,Max D.,Physics
2026-05-25,Tom Wilson,Eli J.,Physics
2026-05-26,Sarah L.,Theo X.,Biology
2026-05-26,Sophie Nguyen,Noah C.,Biology
2026-05-27,J. Smith,Felix U.,Physics
2026-05-27,Daniel O'Connor,Nina Q.,English
2026-05-28,Sarah L.,Ivy E.,Biology
2026-05-28,Sarah Lee,Noah C.,Chemistry
2026-05-28,Liam Murphy,Isla B.,Chemistry
2026-05-28,Grace Park,Zoe F.,Chemistry
2026-05-29,Marcus Brown,Oscar L.,Maths
2026-05-29,Jane Smith,Olivia R.,English
